PARA_NAME,PARA_VALUE,DEFAULT_VALUE,MIN_VALUE,MAX_VALUE,DESCRIPTION,PARA_TYPE
CTL_PATH,/opt/dmdbms/data/DAMENG/dm.ctl,NULL,NULL,NULL,path of dm.ctl,READ ONLY
CTL_BAK_PATH,/opt/dmdbms/data/DAMENG/ctl_bak,NULL,NULL,NULL,backup path of dm.ctl,READ ONLY
CTL_BAK_NUM,10,10,1,100,backup num of dm.ctl,SYS
SYSTEM_PATH,/opt/dmdbms/data/DAMENG,NULL,NULL,NULL,system path,READ ONLY
CONFIG_PATH,/opt/dmdbms/data/DAMENG,NULL,NULL,NULL,config path,READ ONLY
TEMP_PATH,/opt/dmdbms/data/DAMENG,NULL,NULL,NULL,temporary database file path,READ ONLY
BAK_PATH,/opt/dmdbms/data/DAMENG/bak,NULL,NULL,NULL,backup file path,READ ONLY
AUD_PATH,NULL,NULL,NULL,NULL,audit log path,READ ONLY
DFS_PATH,$/DAMENG,NULL,NULL,NULL,path of db_file in dfs,READ ONLY
INSTANCE_NAME,DMSERVER,NULL,NULL,NULL,Instance name,READ ONLY
INSTANCE_ADDR,NULL,NULL,NULL,NULL,Instance address,READ ONLY
MAX_OS_MEMORY,100,100,40,100,Maximum Percent of OS Memory Can Be Used,IN FILE
MEMORY_POOL,500,500,64,67108864,Memory Pool Size In Megabyte,IN FILE
MEMORY_N_POOLS,1,1,0,2048,Number of Memory Share Pool,IN FILE
MEMORY_TARGET,15000,15000,0,67108864,Memory Share Pool Target Size In Megabyte,SYS
MEMORY_EXTENT_SIZE,1,1,1,10240,Memory Pool Extent Size In Megabyte,IN FILE
MEMORY_LEAK_CHECK,0,0,0,1,Memory Leak Checking Flag,SYS
MEMORY_MAGIC_CHECK,1,1,0,3,Memory Magic Checking Flag,IN FILE
HUGEPAGE_THRESHOLD,16,16,0,1024,"IF not zero, try using hugepage if allocating size >= thresold * 2M",SYS
MEMORY_BAK_POOL,4,4,2,2048,Memory Backup Pool Size In Megabyte,IN FILE
HUGE_MEMORY_PERCENTAGE,50,50,0,100,Maximum percent of HUGE buffer that can be allocated to work as common memory pool,IN FILE
HUGE_BUFFER,80,80,8,1048576,Initial Huge Buffer Size In Megabytes,IN FILE
HUGE_BUFFER_POOLS,4,4,1,512,Huge Buffer Pools,IN FILE
BUFFER,1000,1000,8,1048576,Initial System Buffer Size In Megabytes,IN FILE
BUFFER_POOLS,19,19,1,512,Buffer Pools,IN FILE
BUFFER_MODE,0,0,0,1,"Buffer pool elimination mode, 0 = LRU, 1 = clock",IN FILE
FAST_POOL_PAGES,3000,3000,0,99999999,Fast Pool Pages,IN FILE
FAST_ROLL_PAGES,1000,1000,0,9999999,Fast Roll Pages,IN FILE
KEEP,8,8,8,1048576,Initial System KEEP Buffer Size In Megabytes,IN FILE
RECYCLE,300,300,8,1048576,Initial System KEEP Buffer Size In Megabytes,IN FILE
RECYCLE_POOLS,6,19,1,512,Number of recycle buffer pools,IN FILE
ROLLSEG,1,1,1,1048576,Initial System ROLLSEG Buffer Size In Megabytes,IN FILE
ROLLSEG_POOLS,1,19,1,512,Number of rollseg buffer pools,IN FILE
BUFFER_FAST_RELEASE,1,1,0,1,Whether discard freed page in recycle pool,SYS
MULTI_PAGE_GET_NUM,1,1,1,64,Maximum number of pages for each read of buffer,IN FILE
PRELOAD_SCAN_NUM,0,0,0,64,The number of pages scanned continuously to start preload task,SYS
PRELOAD_EXTENT_NUM,0,0,0,64,The number of clusters preloaded for the first time,SYS
MAX_BUFFER,1000,1000,8,1048576,maximum system buffer size in Megabytes,IN FILE
SORT_BUF_SIZE,20,20,1,2048,maximum sort buffer size in Megabytes,SESSION
SORT_BLK_SIZE,1,1,1,50,maximum sort blk size in Megabytes,SESSION
SORT_BUF_GLOBAL_SIZE,1000,1000,10,4294967294,maximum global sort buffer size in Megabytes,SYS
SORT_FLAG,0,0,0,3,choose method of sort,SESSION
HAGR_HASH_SIZE,100000,100000,10000,100000000,hash table size for hagr,SESSION
MAIL_BUF_SIZE,100,100,0,500000,mail buf size,SYS
MAIL_VPOOL_SIZE,128,128,1,500000,mail vpool size,SYS
MAL_LEAK_CHECK,0,0,0,1,mal leak check flag,SYS
HJ_BUF_GLOBAL_SIZE,5000,5000,10,500000,hash buf global size for hash join in megabytes,SYS
HJ_BUF_SIZE,500,500,2,100000,hash buf size for hash join in megabytes,SESSION
HJ_BLK_SIZE,2,2,1,50,hash blk size for hash join in megabytes,SESSION
HAGR_BUF_GLOBAL_SIZE,5000,5000,10,1000000,global buf size for hagr in megabytes,SYS
HAGR_BUF_SIZE,500,500,2,500000,buf size for hagr in megabytes,SESSION
HAGR_BLK_SIZE,2,2,1,50,blk size for hagr in megabytes,SESSION
MTAB_MEM_SIZE,8,8,1,1048576,mtab memory size in KB,IN FILE
FTAB_MEM_SIZE,0,0,0,65536,ftab memory size in KB,IN FILE
MMT_GLOBAL_SIZE,4000,4000,10,1000000,memory map table global size in MB,SYS
MMT_SIZE,0,0,0,64,memory map table size in MB,SESSION
MMT_FLAG,1,1,1,2,ways of storing bdta data in memory map table,SESSION
DICT_BUF_SIZE,50,50,1,2048,dict buffer size,IN FILE
HFS_CACHE_SIZE,160,160,160,2000,hfs cache size,SYS
VM_STACK_SIZE,256,256,64,262144,vm stack size,IN FILE
VM_POOL_SIZE,64,64,32,1048576,vm pool size,IN FILE
VM_POOL_TARGET,16384,16384,0,10485760,vm pool target size,IN FILE
SESS_POOL_SIZE,64,64,16,1048576,sess pool size,SYS
SESS_POOL_TARGET,16384,16384,0,10485760,sess pool target size,SYS
RT_HEAP_TARGET,8192,8192,8192,10485760,runtime heap target size,SYS
VM_MEM_HEAP,0,0,0,2,Whether to allocate memory to VM from HEAP,SYS
RFIL_RECV_BUF_SIZE,16,16,16,4000,redo file recover buffer size in Megabytes,IN FILE
COLDATA_POOL_SIZE,0,0,0,0,coldata pool size for each worker group in Megabytes,IN FILE
HAGR_DISTINCT_HASH_TABLE_SIZE,10000,10000,10000,100000000,Size of hagr distinct hash table,SESSION
CNNTB_HASH_TABLE_SIZE,100,100,100,100000000,The size of hash table in connect-by operation,SESSION
GLOBAL_RTREE_BUF_SIZE,100,100,0,100000,The total size of buffer for rtree,SYS
SINGLE_RTREE_BUF_SIZE,10,10,0,1000,The size of buffer for single rtree,SESSION
SORT_OPT_SIZE,0,0,0,1024,once max memory size of radix sort assist count array,IN FILE
TSORT_OPT,1,1,0,1,minimizing memory allocation during small rowset sorting if possible,SYS
DFS_BUF_FLUSH_OPT,0,0,0,1,Whether to flush buffer page in opt mode for DFS storage,IN FILE
WORKER_THREADS,16,16,1,64,Number Of Worker Threads,IN FILE
TASK_THREADS,16,16,1,1000,Number Of Task Threads,IN FILE
UTHR_FLAG,0,0,0,1,User Thread Flag,READ ONLY
MAL_UTHR_FLAG,1,1,0,1,Mal User Thread Flag,READ ONLY
FAST_RW_LOCK,1,1,0,2,Fast Read Write Lock,READ ONLY
SPIN_TIME,4000,4000,0,4000,Spin Time For Threads In Microseconds,IN FILE
WORK_THRD_STACK_SIZE,8192,8192,1024,32768,Work Thread Stack Size In Kilobytes,IN FILE
WORK_THRD_RESERVE_SIZE,200,200,50,1024,Work Thread Reserve Stack Size In Kilobytes,IN FILE
WORKER_CPU_PERCENT,0,0,0,100,Percent of CPU number special for worker thread,READ ONLY
NESTED_C_STYLE_COMMENT,0,0,0,1,Flag for C style nested comment,SYS
USE_PLN_POOL,1,1,0,3,"Query Plan Reuse Mode, 0: Forbidden; 1:strictly reuse, 2:parsing reuse, 3:mixed parsing reuse",IN FILE
DYN_SQL_CAN_CACHE,1,1,0,1,Dynamic SQL cache mode. 0: Forbidden; 1: Allowed if the USE_PLN_POOL is non-zero,SYS
VPD_CAN_CACHE,0,0,0,1,VPD SQL cache mode. 0: Forbidden; 1: Allowed if the USE_PLN_POOL is non-zero,IN FILE
RS_CAN_CACHE,0,0,0,2,Resultset cache mode. 0: Forbidden; 1: Allowed only if the USE_PLN_POOL is non-zero; 2: Allowed only be set,IN FILE
RS_CACHE_TABLES,NULL,NULL,NULL,NULL,Tables allowed to enable result set cache,READ ONLY
RS_CACHE_MIN_TIME,0,0,0,4294967294,Least time for resultset to be cached,SYS
RS_BDTA_FLAG,0,0,0,2,Resultset mode. 0: row; 2: bdta;,IN FILE
RS_BDTA_BUF_SIZE,32,32,8,32768,"Maximum size of message in Kilobytes for BDTA cursor, it's valid only if RS_BDTA_FLAG is set to 2",IN FILE
RS_TUPLE_NUM_LIMIT,2000,2000,1,65534,Maximum number for resultset to be cached,IN FILE
RESULT_SET_LIMIT,10000,10000,100,65000,Maximum Number Of Resultsets,SESSION
RESULT_SET_FOR_QUERY,0,0,0,1,Whether to generate result set for non-query statement,SESSION
SESSION_RESULT_SET_LIMIT,10000,10000,100,65000,"Maximum number of cached result sets for each session, 0 means unlimited",SYS
BUILD_FORWARD_RS,0,0,0,1,Whether to generate result set for forward only cursor,IN FILE
MAX_OPT_N_TABLES,6,6,3,8,Maximum Number Of Tables For Query Optimization,SESSION
MAX_N_GRP_PUSH_DOWN,5,5,1,1024,Maximum Number Of RELs For GRP push down Optimization,SESSION
CNNTB_MAX_LEVEL,20000,20000,1,100000,Maximum Level Of Hierarchical Query,SESSION
CTE_MAXRECURSION,100,100,1,4294967294,Maximum recursive Level Of Common Expression Table,SESSION
CTE_OPT_FLAG,1,1,0,1,"Optimize recursive with, 0: false, 1: convert refed subquery to invocation",SESSION
BATCH_PARAM_OPT,0,0,0,2,Enable optimize for batch param binded DML,IN FILE
CLT_CONST_TO_PARAM,0,0,0,1,Whether to convert constant to parameter,IN FILE
BUILD_HASH_BASE_COST,0,0,0,10000,build hash base cost using hash join,SESSION
CPU_COST_FACTOR,9500,9500,1,10000000,the factor of calculating cpu cost,SESSION
LIKE_OPT_FLAG,31,31,0,31,optimized flag of LIKE expression,SESSION
FILTER_PUSH_DOWN,0,0,0,15,whether push down filter to base table,SESSION
USE_MCLCT,2,2,0,2,mclct use flag for replace mgat,SESSION
MPP_OP_JUMP,1,1,0,1,mpp operator jump for mal letter flag,SESSION
PHF_NTTS_OPT,1,1,0,1,phf ntts opt flag,SESSION
MPP_MOTION_SYNC,200,200,0,100000,mpp motion sync check number,SESSION
USE_FTTS,0,0,0,1,use ftts replace ntts flag,SESSION
INV_DETERMINISTIC_FLAG,0,0,0,1,consider all user defined function deterministic,SESSION
MULTI_HASH_DIS_OPT,1,1,0,1,phd multi hash join distributed opt flag,SESSION
MPP_UPD_DEL_OPT,2,2,0,2,"update&delete opt flag, 0: false, 1: opt, 2: opt & ntts opt",SESSION
UPD_DEL_OPT,2,2,0,2,"update&delete opt flag, 0: false, 1: opt, 2: opt & ntts opt",SESSION
MPP_DML_FORCE_OPT,0,0,0,1,dml force opt flag in mpp,SESSION
ENABLE_INVISIBLE_COL,1,1,0,1,enable invisible col,SESSION
ENABLE_INJECT_HINT,0,0,0,1,enable inject hint,SESSION
FETCH_PACKAGE_SIZE,512,512,32,65536,command fetch package size,SYS
UPD_QRY_LOCK_MODE,0,0,0,1,lock mode of FOR UPDATE query,SYS
ENABLE_DIST_IN_SUBQUERY_OPT,0,0,0,7,Whether to enable in-subquery optimization,SESSION
MAX_OPT_N_OR_BEXPS,7,7,7,64,maximum number of OR bool expressions for query optimization,SESSION
USE_HAGR_FLAG,0,0,0,1,Whether to use HAGR operator when can't use SAGR operator,SESSION
DTABLE_PULLUP_FLAG,1,1,0,1,the flag of pulling up derived table,SESSION
VIEW_PULLUP_FLAG,0,0,0,63,the flag of pulling up view,SESSION
VIEW_PULLUP_MAX_TAB,7,7,1,16,Maximum number of tables that can be handled when pulling up view,SESSION
STR_NULL_OPS_COMPATIBLE,0,0,0,1,Whether to set the result as null when one of the two additive strings is null,SESSION
GROUP_OPT_FLAG,52,52,0,63,the flag of opt group,SESSION
FROM_OPT_FLAG,0,0,0,1,the flag of opt from,SESSION
HAGR_PARALLEL_OPT_FLAG,0,0,0,1023,the flag of opt hagr in mpp or parallel,SESSION
HAGR_DISTINCT_OPT_FLAG,2,2,0,3,the flag of opt hagr distinct in mpp,SESSION
REFED_EXISTS_OPT_FLAG,1,1,0,3,Whether to optimize correlated exists-subquery into non-correlated in-subquery,SESSION
REFED_OPS_SUBQUERY_OPT_FLAG,0,0,0,7,Whether to optimize correlated op all/some/all-subquery into exists-subquery,SESSION
HASH_PLL_OPT_FLAG,0,0,0,31,the flag of cutting partitioned table when used hash join,SESSION
PARTIAL_JOIN_EVALUATION_FLAG,1,1,0,1,Whether to convert join type when upper operator is DISTINCT,SESSION
MOTION_OPT_FLAG,0,0,0,511,optimizer ways under new motion,SESSION
USE_FK_REMOVE_TABLES_FLAG,1,1,0,1,Whether to remove redundant join by taking advantage of foreign key constraint,SESSION
USE_FJ_REMOVE_TABLE_FLAG,0,0,0,2,Whether to remove redundant join by taking advantage of filter joining,SESSION
OUTER_JOIN_INDEX_OPT_FLAG,0,0,0,1,Whether to optimize outer join into index join when possible,SESSION
SLCT_OPT_FLAG,0,0,0,15,"the flag of opt select to blkup, slct and scan",SESSION
SLCT_ERR_PROCESS_FLAG,0,0,0,1,How to handle error when processing single row,SESSION
MPP_HASH_LR_RATE,10,10,1,4294967294,The ratio of left child's cost to right child's cost of hash join in MPP environment that can influence the execution plan,SESSION
LPQ_HASH_LR_RATE,30,30,1,4294967294,The ratio of left child's cost to right child's cost of hash join in LPQ environment that can influence the execution plan,SESSION
USE_HTAB,1,1,0,1,Whether to use HTAB operator for the whole plan,SESSION
SEL_ITEM_HTAB_FLAG,0,0,0,15,Whether to use HTAB operator for correlated subquery in select items,SESSION
OR_CVT_HTAB_FLAG,1,1,0,2,Whether to use HTAB operator to optimizer or-expression,SESSION
OP_SUBQ_CVT_IN_FLAG,1,1,0,1,Whether to convert equal-subquery to in-subquery,SESSION
ENHANCED_SUBQ_MERGING,0,0,0,1,Whether to use merging subquery opt,SESSION
CASE_WHEN_CVT_IFUN,9,9,0,63,Flag of converting subquery in case-when expression to IF operator,SESSION
OR_NBEXP_CVT_CASE_WHEN_FLAG,0,0,0,1,Whether to convert or-expression to case-when expression,SESSION
NONCONST_OR_CVT_IN_LST_FLAG,0,0,0,1,Whether to convert nonconst or-expression to in-lst expression,SESSION
OUTER_CVT_INNER_PULL_UP_COND_FLAG,1,1,0,1,Whether to pull up join condition when outer join converts to inner join,SESSION
AUTOTRACE_LEVEL,0,0,0,2,"trace level, 0:exec; 1: plan index ; 2: plan nl",SESSION
OPT_OR_FOR_HUGE_TABLE_FLAG,0,0,0,1,Whether to use HFSEK to optimize or-expression for HUGE table,SESSION
ORDER_BY_NULLS_FLAG,0,0,0,2,Whether to place NULL values to the end of the result set when in ascending order,SESSION
SUBQ_CVT_SPL_FLAG,1,1,0,31,Flag of indicating how to convert correlated subquery,SESSION
ENABLE_RQ_TO_SPL,1,1,0,1,Whether to convert correlated subquery to SPOOL,SESSION
MULTI_IN_CVT_EXISTS,0,0,0,1,Whether to convert multi-column-in subquery to exists subquery,SESSION
PRJT_REPLACE_NPAR,1,1,0,1,Whether to replace NPAR tree in NSEL after projection,SESSION
ENABLE_RQ_TO_INV,0,0,0,2,Whether to convert correlated subquery to temporary function,SESSION
SUBQ_EXP_CVT_FLAG,0,0,0,63,whether convert refered subquery exp to non-refered subquery exp,SESSION
USE_REFER_TAB_ONLY,0,0,0,1,Whether to pull down correlated table only when dealing with correlated subquery,SESSION
MAX_PHC_BE_NUM,512,512,512,20480000,space of bool expressions in phc optimization,SESSION
MAX_TABLES_IN_SELECT,100,100,100,150,maximum tables in select,SESSION
REFED_SUBQ_CROSS_FLAG,1,1,0,1,Whether to replace hash join with cross join for correlated subquery,SESSION
IN_LIST_AS_JOIN_KEY,0,0,0,1,Whether to use in-list expression as join key,SESSION
OUTER_JOIN_FLATING_FLAG,0,0,0,1,Flag of indicating whether outer join will be flattened,SESSION
TOP_ORDER_OPT_FLAG,0,0,0,3,The flag of optimizing the query with the top cluase and the order by clause,SESSION
TOP_ORDER_ESTIMATE_CARD,300,300,0,4294967294,The estimated card of leaf node when optimize the query with the top cluase and the order by clause,SESSION
PLACE_GROUP_BY_FLAG,0,0,0,2,The flag of optimizing the query with group_by and sfun by clause,SESSION
SINGLE_HTAB_REMOVE_FLAG,1,1,0,1,htab which used only once will remove,SESSION
TOP_DIS_HASH_FLAG,1,1,0,2,Flag of disable hash join in TOP-N query,SESSION
ENABLE_RQ_TO_NONREF_SPL,0,0,0,7,Whether to convert correlated query to non-correlated query,SESSION
OPTIMIZER_MODE,1,1,0,1,Optimizer mode,SESSION
NEW_MOTION,0,0,0,1,New Motion,SESSION
LDIS_NEW_FOLD_FUN,0,0,0,1,ldis use different fold fun with mdis,SESSION
DYNAMIC_CALC_NODES,0,0,0,1,different nodes of npln use different nubmer of calc sizes/threads,SESSION
OPTIMIZER_MAX_PERM,7200,7200,1,4294967294,Optimizer max permutations,SESSION
ENABLE_INDEX_FILTER,0,0,0,2,enable index filter,SESSION
OPTIMIZER_DYNAMIC_SAMPLING,0,0,0,12,Dynamic sampling level,SESSION
TABLE_STAT_FLAG,0,0,0,1,How to use stat of table,SESSION
AUTO_STAT_OBJ,0,0,0,2,Flag of automatically collecting statistics and recording DML changing rows,SYS
NONREFED_SUBQUERY_AS_CONST,0,0,0,1,Whether to convert non-correlated subquery to const,SESSION
HASH_CMP_OPT_FLAG,0,0,0,15,Flag of operators that enable optimization with static hash table,SESSION
OUTER_OPT_NLO_FLAG,0,0,0,7,Flag of enable index join for those whose right child is not base table,SESSION
DISTINCT_USE_INDEX_SKIP,2,2,0,2,Whether to distinct_use_index_skip,SESSION
USE_INDEX_SKIP_SCAN,0,0,0,2,Whether to use index skip scan,SESSION
INDEX_SKIP_SCAN_RATE,0.003000,1202590843,0,1,Rate in index skip scan,SESSION
SPEED_SEMI_JOIN_PLAN,1,1,0,7,Flag of speeding up the generating process of semi join plan,SESSION
COMPLEX_VIEW_MERGING,0,0,0,2,Flag of merging complex view into query without complex view,SESSION
HLSM_FLAG,1,1,1,3,Choose one method to realize hlsm operator,SESSION
DEL_HP_OPT_FLAG,0,0,0,31,Optimize delete for horization partition table,SESSION
OPTIMIZER_OR_NBEXP,0,0,0,31,Flag of or-expression optimization method,SESSION
NPLN_OR_MAX_NODE,20,20,0,20,Max number of or-expression on join condition,SESSION
OPTIMIZER_IN_NBEXP,0,0,0,2,Flag of in-expression optimization,SESSION
CNNTB_OPT_FLAG,0,0,0,63,Optimize hierarchical query,SESSION
ADAPTIVE_NPLN_FLAG,3,3,0,3,adaptive npln,SESSION
MULTI_UPD_OPT_FLAG,0,0,0,1,Optimize multi column update,SESSION
MULTI_UPD_MAX_COL_NUM,128,128,2,10000,Max value of column counts when optimize multi column update,SESSION
ENHANCE_BIND_PEEKING,0,0,0,1,Enhanced bind peeking,IN FILE
PHC_BE_ARR_NUM,0,0,0,5000,Number of phc be arr,IN FILE
GSA_NUM,10,10,0,2000,Number of global sort area,IN FILE
NBEXP_OPT_FLAG,3,3,0,3,Whether to enable optimization for bool expressions,SESSION
HAGR_HASH_ALGORITHM_FLAG,0,0,0,1,HAGR hash algorithm,SESSION
DIST_HASH_ALGORITHM_FLAG,0,0,0,1,Distinct hash algorithm,SESSION
UNPIVOT_ORDER_FLAG,0,0,0,1,Whether to sort the result of UNPIVOT operator by columns that don't appear in the UNPIVOT sub-sentence,SESSION
INVOCATION_OPT_FLAG,7,7,0,7,type of invocation opt flag,SESSION
VIEW_FILTER_MERGING,138,138,0,255,Flag of merging view filter,SESSION
ENABLE_PARTITION_WISE_OPT,0,0,0,1,whether enable partition-wise optimization,SESSION
OPT_MEM_CHECK,0,0,0,1,reduce search space when out of memory,SESSION
ENABLE_JOIN_FACTORIZATION,0,0,0,1,Whether to enable join factorization,SESSION
QUERY_INFO_BITS,0,0,0,2147483647,hidden query related parameters,SESSION
EXPLAIN_SHOW_FACTOR,1,1,1,100,factor of explain,SESSION
ERROR_COMPATIBLE_FLAG,0,0,0,1,enable/disable specified errors to be compatible with previous version,SESSION
HI_RIGHT_ORDER_FLAG,0,0,0,2,hi_right_order_flag,SESSION
HASH_JOIN_LOOP_TIMES,10,10,1,10,loop times of hash join right child,SESSION
ENABLE_NEST_LOOP_JOIN_CACHE,0,0,0,3,whether enable cache temporary result of nest loop join child,SESSION
ENABLE_TABLE_EXP_REF_FLAG,1,1,0,1,Whether allow table expression to reference brothers,SESSION
OPT_CVT_VAR_COST_FACTOR,1,1,0,4294967294,decrease cost of join convert var,SESSION
OPT_MAX_ADAPTIVE_EXEC_TIMES,1000,1000,1,4294967294,valve of switch adaptive plan,SESSION
OPERATION_NEW_MOTION,0,0,0,15,child of inter can dis,SESSION
SPL_SHARE_FLAG,0,0,0,1,share spl,SESSION
USE_MD_STAT,0,0,0,1,use md stat,SESSION
BEXP_CALC_ST_FLAG,0,0,0,31,value of expression calculating selectivity,SESSION
AND_CVT_OR_BEXP_MAX_NUM,1024,1024,2,100000,max number of and-expression convert to or-expression,SESSION
BIND_PARAM_OPT_FLAG,0,0,0,1,flag of optimizer bind parameter,IN FILE
EXP_BALANCE_FLAG,0,0,0,1,whether balance calculation expression,SYS
SEL_RATE_EQU,0.025000,0,0,1,Equal rate in selection,SESSION
SEL_RATE_SINGLE,0.050000,0,0,1,Single rate in selection,SESSION
HAVING_RATE_FACTOR,1,1,1,1000000,Single rate factor for having,SESSION
INTER_RATE_FACTOR,1,1,1,1000000,Single rate factor for inter,SESSION
RET_NULL_RATE_FACTOR,100,100,1,1000000,Single rate factor for ret_null,SESSION
NLIJ_AMPLIFY_FACTOR,4,4,1,10,nlij amplify factor,SESSION
CPU_SPEED,3145728,3145728,1,4294967294,Clock cycle of cpu in 1 ms,SESSION
N_RUNS,1,1,1,256,the number of parallel,SESSION
MEM_BANDWIDTH,3145728,3145728,1048576,1073741824,the bandwidth of memory,SESSION
LPQ_MOTION_FACTOR,58.000000,0,1,1073741824,lpq_motion_factor,SESSION
MPP_MOTION_FACTOR,100.000000,0,1,1073741824,mpp_motion_factor,SESSION
COST_RANK_FACTOR,1000.000000,0,1,1073741824,cost_rank_factor,SESSION
BASE_SCAN_CPU,140000,140000,1,4294967294,the base number of CPU Clock cycle when scan,SESSION
BASE_SEEK_CPU,140000,140000,1,4294967294,the base number of CPU Clock cycle when seek,SESSION
BASE_LKUP_CPU,62000,62000,1,4294967294,the base number of CPU Clock cycle when lkup,SESSION
BASE_NLIJ_CPU,16000,16000,1,4294967294,the base number of CPU Clock cycle when nlij,SESSION
BASE_HI_CPU,2683000,2683000,1,4294967294,the base number of CPU Clock cycle when hi,SESSION
BASE_MI_CPU,1000000,1000000,1,4294967294,the base number of CPU Clock cycle when mi,SESSION
BASE_NL_CPU,1000000,1000000,1,4294967294,the base number of CPU Clock cycle when nl,SESSION
BASE_FLT_CPU,140000,140000,1,4294967294,the base number of CPU Clock cycle with filter calculating,SESSION
BASE_SORT_CPU,36000,36000,1,4294967294,the base number of CPU Clock cycle with sort,SESSION
SCAN_CPU,330,330,1,4294967294,the number of CPU Clock cycle when scan dealing 1K data,SESSION
SEEK_CPU,400,400,1,4294967294,the number of CPU Clock cycle when seek dealing 1K data,SESSION
LKUP_CPU,2500,50000,1,4294967294,the number of CPU Clock cycle when lkup dealing 1K data,SESSION
NLIJ_CPU,200,200,1,4294967294,the number of CPU Clock cycle when nlij dealing 1K data,SESSION
HI_CPU,400,400,1,4294967294,the number of CPU Clock cycle when hi dealing 1K data,SESSION
HI_SEARCH_CPU,200,200,1,4294967294,the number of CPU Clock cycle to search when hi dealing 1K data,SESSION
MI_CPU,300,300,1,2147483647,the number of CPU Clock cycle when mi dealing 1K data,SESSION
NL_CPU,200,200,1,4294967294,the number of CPU Clock cycle when nl dealing 1K data,SESSION
FLT_CPU,30,30,1,4294967294,the number of CPU Clock cycle when  dealing 1K data with filter,SESSION
LARGE_SORT_CPU,40000,40000,1,4294967294,the number of CPU Clock cycle when sorting dealing 1K data,SESSION
SMALL_SORT_CPU,200,200,1,4294967294,the number of CPU Clock cycle when sorting dealing 1K data,SESSION
MEM_INTENSE_DEGREE,0,0,0,100,the tensity of memory,SESSION
JOIN_ST_OPT_FLAG,0,0,0,7,Whether optimize join selectivity by using statistic info or not,SESSION
CKPT_RLOG_SIZE,128,128,0,4294967294,"Checkpoint Rlog Size, 0: Ingore; else: Generate With Redo Log Size",SYS
CKPT_DIRTY_PAGES,0,0,0,4294967294,"Checkpoint Dirty Pages, 0: Ingore; else: Generate With Dirty Pages",SYS
CKPT_INTERVAL,180,180,0,2147483647,Checkpoint Interval In Seconds,SYS
CKPT_FLUSH_RATE,5.000000,0,0,100,Checkpoint Flush Rate(0.0-100.0),SYS
CKPT_FLUSH_PAGES,1000,1000,1000,100000,Minimum number of flushed pages for checkpoints,SYS
CKPT_WAIT_PAGES,128,128,1,1024,Maximum number of pages flushed for checkpoints,SYS
FORCE_FLUSH_PAGES,8,8,0,1000,Schedule Thread Force Flush Pages,SYS
DIRECT_IO,0,0,0,1,"Flag For Io Mode(Non-Windows Only), 0: Using File System Cache; 1: Without Using File System Cache",IN FILE
IO_THR_GROUPS,8,8,1,512,The Number Of Io Thread Groups(Non-Windows Only),IN FILE
HIO_THR_GROUPS,2,2,1,512,The Number Of Huge Io Thread Groups(Non-Windows Only),IN FILE
FIL_CHECK_INTERVAL,0,0,0,4294967294,"Check file interval in Second,0 means no_check(Non-Windows Only)",SYS
FAST_EXTEND_WITH_DS,1,1,0,1,"How To Extend File's Size (Non-Windows Only), 0: Extend File With Hole; 1: Extend File With Disk Space",SYS
MAX_SESSIONS,10000,10000,1,65000,Maximum number of concurrent sessions,IN FILE
MAX_CONCURRENT_TRX,0,0,0,1500,Maximum number of concurrent transactions,SYS
CONCURRENT_TRX_MODE,0,0,0,1,Concurrent transactions mode,IN FILE
CONCURRENT_DELAY,16,16,0,1000,Delay time in seconds for concurrent control,SYS
TRX_VIEW_SIZE,512,512,16,65000,The buffer size of local active transaction ids in TRX_VIEW,IN FILE
TRX_VIEW_MODE,1,1,0,1,"The transaction view mode, 0: Active ids snap; 1: Recycled id array",IN FILE
TRX_CMTARR_SIZE,5,5,3,1000,The size of transaction commitment status array in 1M,IN FILE
MAX_SESSION_STATEMENT,10000,10000,64,20480,Maximum number of statement handles for each session,SYS
MAX_SESSION_MEMORY,0,0,0,262144,Maximum memory(In Megabytes) a single session can use,SYS
MAX_CONCURRENT_OLAP_QUERY,0,0,0,100,Maximum number of concurrent OLAP queries,IN FILE
BIG_TABLE_THRESHHOLD,1000,1000,0,4294967294,Threshhold value of a big table in 10k,SESSION
MAX_EP_SITES,64,64,2,1024,Maximum number of EP sites for MPP,READ ONLY
PORT_NUM,5236,5236,1024,65534,Port number on which the database server will listen,IN FILE
LISTEN_IP,NULL,NULL,NULL,NULL,IP address on which the database server will listen,IN FILE
FAST_LOGIN,0,0,0,2,Whether to log information without login,IN FILE
DDL_AUTO_COMMIT,1,1,0,1,"ddl auto commit mode, 0: not auto commit; 1: auto commit",READ ONLY
DDL_TV_TRIGGER,0,0,0,1,Whether support ddl for table trigger,IN FILE
COMPRESS_MODE,0,0,0,1,"Default Compress Mode For Tables That Users Created, 0: Not Compress; 1: Compress",SESSION
PK_WITH_CLUSTER,1,1,0,1,"Default Flag For Primary Key With Cluster, 0: Non-Cluster; 1: Cluster",SESSION
EXPR_N_LEVEL,200,200,30,1000,Maximum nesting levels for expression,SESSION
N_PARSE_LEVEL,100,100,30,1000,Maximum nesting levels for parsing object,SESSION
MAX_SQL_LEVEL,500,500,100,1000,Maximum nesting levels of VM stack frame for sql,SYS
BDTA_SIZE,300,300,1,10000,SIZE OF BDTA(1-10000),IN FILE
OLAP_FLAG,2,2,0,2,"OLAP FLAG, 1 means enable olap",SESSION
JOIN_HASH_SIZE,500000,500000,1,250000000,the hash table size for hash join,SESSION
USE_DHASH_FLAG,0,0,0,2,use dhash flag: 0 means use static hash; 1 means use dynamic hash; 2 means use dynamic hash2,SESSION
ONE_GROUP_SIZE,0,0,0,250000000,hash flag one of cells: 0 not use flag;  other one_group_size,SESSION
HFILES_OPENED,256,256,60,10000,max file number can open at one time for huge table,IN FILE
FAST_COMMIT,0,0,0,100,"0 or 1 means normal commit; other may speed up commit, but may not assure ACID",SYS
ISO_IGNORE,0,0,0,1,ignore set iso level,SESSION
TEMP_SIZE,10,10,10,1048576,temp file size,IN FILE
TEMP_SPACE_LIMIT,0,0,0,4294967294,temp space limit in megabytes,SYS
FILE_TRACE,0,0,0,1,Whether to log operations of database files,IN FILE
COMM_TRACE,0,0,0,1,Whether to log warning information of communication,SYS
ERROR_TRACE,0,0,0,1,"Whether to log error information, 1: NPAR ERROR",SYS
CACHE_POOL_SIZE,100,100,1,67108864,SQL buffer size in megabytes,IN FILE
PLN_DICT_HASH_THRESHOLD,20,20,1,67108864,Threshold in megabytes for plan dictionary hash table creating,IN FILE
STAT_COLLECT_SIZE,10000,10000,0,10000000,min collect size for stat,SESSION
STAT_ALL,0,0,0,3,if collect all the sub-tables of a partition table,SESSION
PHC_MODE_ENFORCE,0,0,0,15,enforce the join mode,SESSION
ENABLE_HASH_JOIN,1,1,0,1,enable hash join,SESSION
ENABLE_INDEX_JOIN,1,1,0,1,enable index join,SESSION
ENABLE_MERGE_JOIN,1,1,0,1,enable merge join,SESSION
MPP_INDEX_JOIN_OPT_FLAG,0,0,0,1,enhance index inner join in MPP,SESSION
MPP_NLI_OPT_FLAG,0,0,0,3,enhance nest loop inner join in MPP,SESSION
MAX_PARALLEL_DEGREE,1,1,1,128,Maximum degree of parallel query,SESSION
PARALLEL_POLICY,0,0,0,2,Parallel policy,IN FILE
PARALLEL_THRD_NUM,10,10,1,1024,Thread number for parallel task,IN FILE
PARALLEL_MODE_COMMON_DEGREE,1,1,1,1024,the common degree of parallel query for parallel-mode,SESSION
PUSH_SUBQ,0,0,0,7,Whether to push down semi join for correlated subquery,SESSION
OPTIMIZER_AGGR_GROUPBY_ELIM,1,1,0,1,Whether to attemp to eliminate group-by aggregations,SESSION
UPD_TAB_INFO,0,0,0,1,Whether to update table info when startup,IN FILE
ENABLE_IN_VALUE_LIST_OPT,6,6,0,31,Flag of optimization methods for in-list expression,SESSION
ENHANCED_BEXP_TRANS_GEN,3,3,0,3,Whether to enable enhanced transitive closure of boolean expressions,SESSION
ENABLE_DIST_VIEW_UPDATE,0,0,0,1,whether view with distinct can be updated,SYS
STAR_TRANSFORMATION_ENABLED,0,0,0,1,Whether to enable star transformation for star join queries,SESSION
OPTIMIZER_VERSION,70099,70099,70000,70099,optimizer version,SESSION
MONITOR_INDEX_FLAG,0,0,0,2,monitor index flag,SESSION
AUTO_COMPILE_FLAG,1,1,0,1,Whether to compile the invalid objects when loading,SYS
RAISE_CASE_NOT_FOUND,0,0,0,1,Whether raise CASE_NOT_FOUND exception for no case item matched,SYS
PESUDO_TRXID_NAME,TRXID,NULL,NULL,NULL,pesudo column name for TRXID,IN FILE
PESUDO_PHYROWID_NAME,PHYROWID,NULL,NULL,NULL,pesudo column name for PHYROWID,IN FILE
FIRST_ROWS,100,100,1,1000000,maximum number of rows when first returned to clients,SYS
LIST_TABLE,0,0,0,1,Whether to convert tables to LIST tables when created,SESSION
ENABLE_PAGE_CHECK,0,0,0,2,"flag for the page check, 0: disable 1: crc, 2: hash",READ ONLY
ENABLE_SPACELIMIT_CHECK,1,1,0,1,"flag for the space limit check, 0: disable 1: enable",IN FILE
BUILD_VERTICAL_PK_BTREE,0,0,0,1,Whether to build physical B-tree for primary key on huge tables,READ ONLY
BDTA_PACKAGE_COMPRESS,0,0,0,1,Whether to compress BDTA packages,SESSION
HFINS_PARALLEL_FLAG,0,0,0,2,Flag of parallel policy for inserting on huge table,SYS
HFINS_MAX_THRD_NUM,100,100,4,200,Maximum number of parallel threads that responsible for inserting on huge table,SYS
LINK_CONN_KEEP_TIME,15,15,0,2147483647,Max idle time in minute for DBLINK before being closed,IN FILE
DETERMIN_CACHE_SIZE,5,5,1,1000,Deterministic function results cache size(M),SYS
FAST_RELEASE_LOB_PAGE,0,0,0,1,Whether release lob page quickly by async,SYS
NTYPE_MAX_OBJ_NUM,1000000,1000000,2000,100000000,Maximum number of objects and strings in composite data type,SYS
CTAB_SEL_WITH_CONS,0,0,0,1,Whether to build constraints when creating table by query,SYS
HUGE_WITH_DELTA,1,1,0,1,"Whether support with delta huge table only, 0: NO 1: YES",READ ONLY
HLDR_BUF_SIZE,8,8,4,1024,HUGE table fast loader buffer size in Megabytes,SYS
HLDR_BUF_TOTAL_SIZE,4294967294,4294967294,100,4294967294,HUGE table fast loader buffer total size in Megabytes,SYS
HLDR_REPAIR_FLAG,0,0,0,1,"Flag of repairing huge table after exception, 0: NO 1: YES",SYS
HLDR_FORCE_COLUMN_STORAGE,1,1,0,1,"Whether force column storage for last section data, 0: NO 1: YES",SYS
HLDR_FORCE_COLUMN_STORAGE_PERCENT,80,80,50,100,Minumun percent of unfully section data for huge force column storage,SYS
HLDR_HOLD_RATE,1.500000,0,1,65535,THE minimum rate to hold hldr of column number(1-65535),SYS
HLDR_MAX_RATE,2,2,2,65535,THE minimum rate to create hldr of column number(2-65535),SYS
HUGE_ACID,0,0,0,2,Flag of concurrent mechanism for HUGE tables,SYS
HUGE_STAT_MODE,2,2,0,2,"Flag of default stat mode when create huge table, 0:NONE 1:NORMAL 2:ASYNCHRONOUS",SESSION
HFS_CHECK_SUM,1,1,0,1,Whether to check sum val for hfs data,IN FILE
HBUF_DATA_MODE,0,0,0,1,Whether to uncompress and decrypt data before read into HUGE buffer,IN FILE
HUGE_TABLE_SWITCH,0,0,0,3,"Huge table switch for DDL CREATE. 0:with raux, 3:without raux",SYS
DBLINK_OPT_VIEW,1,1,0,1,dblink query optimize for local view,SYS
DBLINK_OPT_FLAG,509,509,0,1023,optimize dblink query flag,SESSION
ELOG_REPORT_LINK_SQL,0,0,0,1,Whether to write the SQLs that sent to remote database by DBLINKs into error log file,SESSION
DBLINK_COL_EXTEND,1,1,1,10,Magnification of dblink's varchar buffer length,SYS
DBLINK_LOB_LEN,8,8,4,1024,BLOB/TEXT buffer size(KB) for dblink,SYS
FILL_COL_DESC_FLAG,0,0,0,1,Whether to return columns description while database returns results,SYS
BTR_SPLIT_MODE,0,0,0,1,"Split mode for BTREE leaf, 0: split half and half, 1: split at insert point",SYS
TS_RESERVED_EXTENTS,64,64,2,1024,Number of reserved extents for each tablespace when startup,IN FILE
TS_SAFE_FREE_EXTENTS,512,512,128,65534,Number of free extents which considered as safe value for each tablespace,IN FILE
TS_MAX_ID,8192,8192,512,65517,Maximum ID value for tablespaces in database,IN FILE
TS_FIL_MAX_ID,255,255,64,8191,Maximum ID value for files in tablespace,IN FILE
DECIMAL_FIX_STORAGE,0,0,0,1,Whether convert decimal data to fixed length storage,SESSION
FORCE_RECLAIM,0,0,0,1,Whether reclaim class instances in force mode,SYS
SQL_SAFE_UPDATE_ROWS,0,0,0,2147483647,Maximum rows can be effected in an update&delete statement,SYS
ENABLE_HUGE_SECIND,1,1,0,1,"Whether support huge second index, 0: disable, 1: enable",SYS
TRXID_UNCOVERED,0,0,0,1,"Whether disable scanning 2nd index only when pseudo column trxid used, 0: disable, 1: enable",SESSION
LOB_MAX_INROW_LEN,900,900,900,8000,Max lob data inrow len,SYS
RS_PRE_FETCH,0,0,0,1,Whether enable result pre-fetch,SYS
DFS_PAGE_FLUSH_VALIDATE,1,1,0,1,Whether enable validate page when flush in DDFS,SYS
GEN_SQL_MEM_RECLAIM,1,1,0,1,Whether reclaim memory space after generating each SQL's plan,SYS
TIMER_TRIG_CHECK_INTERVAL,60,60,1,60,Server check timer trigger interval,SYS
DFS_HUGE_SUPPORT,1,1,0,1,Whether support huge table operation in DDFS,IN FILE
INNER_INDEX_DDL_SHOW,1,1,0,1,Whether to show inner index ddl.,SESSION
HP_STAT_SAMPLE_COUNT,50,50,1,65535,Max sample count when stating on horizon partitions,SYS
LOAD_TABLE,NULL,NULL,NULL,NULL,need to pre-load table,READ ONLY
LOAD_HTABLE,NULL,NULL,NULL,NULL,need to pre-load htable,READ ONLY
CLT_CACHE_TABLES,NULL,NULL,NULL,NULL,Tables that can be cached in client,READ ONLY
RLOG_BUF_SIZE,1024,1024,1,32768,The Number Of Log Pages In One Log Buffer,IN FILE
RLOG_POOL_SIZE,256,256,1,4096,Redo Log Pool Size In Megabyte,IN FILE
RLOG_PARALLEL_ENABLE,0,0,0,1,Whether to enable database to write redo logs in parallel mode,IN FILE
RLOG_GEN_FOR_HUGE,0,0,0,1,"Whether to generate rlog for huge table, 0: disable, 1: enable",READ ONLY
RLOG_IGNORE_TABLE_SET,1,1,0,1,Whether ignore table set,SYS
RLOG_APPEND_LOGIC,0,0,0,3,Type of logic records in redo logs,SYS
RLOG_APPEND_SYSTAB_LOGIC,0,0,0,1,Whether to write logic records of system tables in redo logs when RLOG_APPEND_LOGIC is set as 1,SYS
RLOG_CHECK_SPACE,1,1,0,1,Whether to check that the available space in redo logs is enough,SYS
RLOG_SAFE_SPACE,128,128,0,1024,Free redo log size in megabytes that can be considered as a save value,IN FILE
RLOG_RESERVE_THRESHOLD,0,0,0,16384,Redo subsystem try to keep the used space of online redo less than this target,SYS
RLOG_RESERVE_SIZE,4096,4096,0,102400,Number of reserved redo log pages for each operation,IN FILE
RLOG_SEND_APPLY_MON,64,64,1,1024,Monitor recently send or apply rlog_buf info,IN FILE
LOG_BUF_SIZE,1024,1024,1,32768,The Number Of Log Pages In One Log Buffer,IN FILE
LOG_POOL_SIZE,256,256,1,4096,Redo Log Pool Size In Megabyte,IN FILE
RLOG_COMPRESS_LEVEL,0,0,0,10,"The redo log compress level,value in [0,10],0:do not compressed",IN FILE
RLOG_ENC_CMPR_THREAD,4,4,1,64,"The redo log thread number of encrypt and compress task,value in [1,64],default 4",IN FILE
RLOG_PKG_SEND_ECPR_ONLY,0,0,0,1,Only send encrypted or compressed data to standby instance without original data,IN FILE
DFS_RLOG_SEND_POLICY,1,1,0,1,"DFS rlog send policy, 0: sync; 1:async",IN FILE
RLOG_HASH_NAME,NULL,NULL,NULL,NULL,The name of the hash algorithm used for Redo log,READ ONLY
REDO_PWR_OPT,1,1,0,1,Whether to enable PWR optimization when system restarted after failure,IN FILE
REDO_IGNORE_DB_VERSION,0,0,0,1,Whether to check database version while database is redoing logs,IN FILE
REDO_BUF_SIZE,64,64,0,512,The max buffer size of rlog redo In Megabyte,IN FILE
REDOS_BUF_SIZE,1024,1024,0,65536,The max buffer size of rlog redo for standby In Megabyte,IN FILE
REDOS_MAX_DELAY,1800,1800,0,7200,The permitted max delay for one rlog buf redo on standby In Second,IN FILE
REDOS_BUF_NUM,4096,4096,0,9999,The max apply rlog buffer num for standby,IN FILE
REDOS_PRE_LOAD,0,0,0,1,Number of pre-load apply rlog buffer for standby,SYS
REDOS_PARALLEL_NUM,1,1,1,64,The parallel redo thread num,IN FILE
REDOS_ENABLE_SELECT,1,1,0,1,Enable select for standby,IN FILE
ISOLATION_LEVEL,1,1,1,3,"Default Transaction Isolation Level, 1: Read Commited; 3: Serializable",IN FILE
DDL_WAIT_TIME,10,10,0,60,Maximum waiting time in seconds for DDLs,SESSION
BLDR_WAIT_TIME,10,10,0,604800,Maximum waiting time in seconds for BLDR,SYS
MPP_WAIT_TIME,10,10,0,600,Maximum waiting time in seconds for locks on MPP,SYS
FAST_RELEASE_SLOCK,1,1,0,1,Whether to release share lock as soon as possible,SYS
SESS_CHECK_INTERVAL,3,3,1,60,Interval time in seconds for checking status of sessions,SESSION
LOCK_TID_MODE,1,1,0,1,Lock mode for select-for-update operation,SYS
LOCK_TID_UPGRADE,0,0,0,1,"Upgrade tid lock to X mode, 0:no, 1:yes",SYS
NOWAIT_WHEN_UNIQUE_CONFLICT,0,0,0,1,Whether to return immediately when unique constraint violation conflict happens,IN FILE
UNDO_EXTENT_NUM,4,4,1,256,Number of initial undo extents for each worker thread,IN FILE
MAX_DE_TIMEOUT,10,10,1,3600,maximum external function waiting time in seconds,SESSION
TRX_MODE,0,0,0,1,Trx mode,READ ONLY
TRX_RLOG_WAIT_MODE,0,0,0,1,Trx rlog wait mode,READ ONLY
TRANSACTIONS,75,75,1,1000,Maximum number of concurrent transactions,IN FILE
MVCC_RETRY_TIMES,5,5,0,4294967294,Maximum retry times while MVCC conflicts happen,IN FILE
MVCC_PAGE_OPT,1,1,0,1,Page visible optimize for MVCC,SYS
ENABLE_FLASHBACK,0,0,0,1,Whether to enable flashback function,SYS
UNDO_RETENTION,90.000000,0,0,86400,Maximum retention time in seconds for undo pages since relative transaction is committed,SYS
PARALLEL_PURGE_FLAG,0,0,0,1,flag for parallel purge,IN FILE
PSEG_MGR_FLAG,0,0,0,1,"Only use manager segment to record trx info, 0: no, 1: yes",READ ONLY
PURGE_WAIT_TIME,500,500,0,60000,Maximum wait time in microseconds for purging undo pages,SYS
PURGE_DEL_OPT,0,0,0,2,flag for purge delete optimize,SYS
PSEG_PAGE_OPT,1,1,0,1,The flag for pages in purge segment optimized,SYS
FAST_RELEASE_LOB_SLOCK,0,0,0,1,"Whether release lob lock after opertion on lob via msg, 0: keep 1: release",SESSION
HASH_ACTIVE_TRX_VIEW,0,0,0,1024,"When value > 10, hash table will be used for active trx view if there was more trxes than configured",IN FILE
PSEG_RECV,3,3,0,3,Whether to rollback active transactions and purge committed transactions when system restarts after failure,SYS
ENABLE_IGNORE_PURGE_REC,0,0,0,1,Whether to ignore purged records when returning -7120,SESSION
ENABLE_TMP_TAB_ROLLBACK,1,1,0,1,enable temp table rollback,SYS
ROLL_ON_ERR,0,0,0,1,"Rollback mode on Error, 0: rollback current statement 1: rollback whole transaction",SYS
XA_TRX_IDLE_TIME,60,60,30,36000,Xa transaction idle time,SYS
LOB_MVCC,1,1,0,1,Whether LOB access in MVCC mode,SYS
LOCK_DICT_OPT,2,2,0,2,lock dict optimize,READ ONLY
TRX_DICT_LOCK_NUM,64,64,0,1024,Maximum ignorable dict lock number,SYS
PWD_POLICY,2,2,0,31,Flag of password policy,SYS
PWD_MIN_LEN,9,9,9,48,"Password min length in byte, it's valid only if PWD_POLICY&2 not equal to 0",SYS
ENABLE_ENCRYPT,0,0,0,2,"Encrypt Mode For Communication, 0: Without Encryption; 1: SSL Encryption; 2: SSL Authentication",IN FILE
CLIENT_UKEY,0,0,0,1,"Client ukey, 0: all, active by Client; 1: Force client ukey Authentication",IN FILE
MIN_SSL_VERSION,771,771,0,4294967294,"SSL minimum version For Communication, For example, 0: all, 0x0301: TLSv1, 0x0302: TLSv1.1, 0x0303: TLSv1.2, 0x0304: TLSv1.3",IN FILE
ENABLE_UDP,0,0,0,2,"Enable udp For Communication, 0: disable; 1: single; 2: multi",IN FILE
UDP_TRACE_MODE,0,0,0,1,"Whether open udp trace log, 0: disable; 1: enable",IN FILE
UDP_MAX_IDLE,15,15,5,60,Udp max waiting time in second,IN FILE
UDP_BTU_COUNT,8,8,4,32,Count of udp batch transfer units,IN FILE
ENABLE_IPC,0,0,0,1,"Enable ipc for communication, 0: disable; 1: enable",IN FILE
ENABLE_AUDIT,0,0,0,2,"Flag For Allowing Audit, 0: no audit 1: normal audit  2:normal audit and realtime audit",READ ONLY
AUDIT_FILE_FULL_MODE,1,1,1,2,"operation mode when audit file is full, 1: delete old file; 2: no longer to write audit records",IN FILE
AUDIT_SPACE_LIMIT,8192,8192,0,1048576,audit space limit in Megabytes,IN FILE
AUDIT_MAX_FILE_SIZE,100,100,1,4096,maximum audit file size in Megabytes,SYS
AUDIT_IP_STYLE,0,0,0,1,"IP style in audit record, 0: IP, 1: IP(hostname), default 0",SYS
ENABLE_OBJ_REUSE,0,0,0,1,Whether to enable objects reuse mechanism,IN FILE
ENABLE_REMOTE_OSAUTH,0,0,0,1,Whether to enable remote authorization by operating system users,IN FILE
ENABLE_LOCAL_OSAUTH,0,0,0,1,Whether to enable local authorization by operating system users,READ ONLY
MSG_COMPRESS_TYPE,2,2,0,2,Flag of message compression mode,IN FILE
ENABLE_STRICT_CHECK,0,0,0,1,Whether to check access rights to objects that exist as part of EXECUTE IMMEDIATE sentences in store procedures or functions,IN FILE
MAC_LABEL_OPTION,1,1,0,2,Flag of access rights to SP_MAC_LABEL_FROM_CHAR,SYS
RESTRICT_DBA,0,0,0,1,"Whether restrict dba, 0: Disable; 1: Enable, but only secrurity admin has the privilege",READ ONLY
LDAP_HOST,NULL,NULL,NULL,NULL,LDAP Server HOST ip or name,READ ONLY
AUTO_ENCRYPT,0,0,0,1,"Whether support inputing key by user for auto encrypt, 0: no; 1: yes",READ ONLY
COMM_ENCRYPT_NAME,NULL,NULL,NULL,NULL,"Communication encrypt name, if it is null then the communication is not encrypted",IN FILE
COMM_VALIDATE,1,1,0,1,Whether to validate message,SYS
MESSAGE_CHECK,0,0,0,1,Whether to check message body,SYS
STARTUP_TIMEOUT,5,5,5,10000,Recieve Timeout for STARTUP command,SYS
ENABLE_EXTERNAL_CALL,0,0,0,1,Whether permit external call,IN FILE
EXTERNAL_JFUN_PORT,6363,6363,128,65534,DmAgent port for java external fun,SYS
EXTERNAL_AP_PORT,4236,4236,1024,65534,AP port for external fun,SYS
ENABLE_PL_SYNONYM,0,0,0,1,Whether try to resolve PL object name by synonym.,SYS
ENABLE_DDL_ANY_PRIV,0,0,0,1,Whether enable grant and revoke ddl any privilege.,SYS
FORCE_CERTIFICATE_ENCRYPTION,0,0,0,1,Whether to encrypt login user name and password use certificate,READ ONLY
SEC_PRIV_MODE,0,0,0,2,"Security privilege management mode, 0: TRADITION, 1: BMJ, 2:EVAL",IN FILE
REGEXP_MATCH_PATTERN,0,0,0,1,"Regular expression match pattern, 0: support non-greedy match; 1: only support greedy match",SESSION
SHOW_LOGIN_FAIL_TIMES,0,0,0,1,Internal feature,IN FILE
DATA_VALIDATE,0,0,0,2,Whether to validate data format,SYS
VM_STACK_VALIDATE,2,2,0,2,Whether to validate VM value stack,SYS
UNIX_SOCKET_PATHNAME,NULL,NULL,NULL,NULL,Unix socket pathname,IN FILE
BACKSLASH_ESCAPE,0,0,0,1,"Escape Mode For Backslash, 0: Not Escape; 1: Escape",SESSION
STR_LIKE_IGNORE_MATCH_END_SPACE,1,1,0,1,Whether to ignore end space of strings in like clause,SESSION
CLOB_LIKE_MAX_LEN,10240,10240,8,102400,Maximum length in kilobytes of CLOB data that can be filtered by like clause,IN FILE
EXCLUDE_DB_NAME,NULL,NULL,NULL,NULL,THE db names which DM7 server can exclude,IN FILE
MS_PARSE_PERMIT,0,0,0,2,Whether to support SQLSERVER's parse style,IN FILE
COMPATIBLE_MODE,0,0,0,6,"Server compatible mode, 0:none, 1:SQL92, 2:Oracle, 3:MS SQL Server, 4:MySQL, 5:DM6, 6:Teradata",IN FILE
ORA_DATE_FMT,0,0,0,1,"Whether support oracle date fmt: 0:No, 1:Yes",IN FILE
JSON_MODE,0,0,0,1,"Json compatible mode, 0:Oracle, 1:PG",IN FILE
DATETIME_FMT_MODE,0,0,0,1,"Date Fmt compatible mode, 0:none, 1:Oracle",SYS
DOUBLE_MODE,0,0,0,1,"Calc double fold mode, 0:8bytes, 1:6bytes",IN FILE
CASE_COMPATIBLE_MODE,1,1,0,2,"Case compatible mode, 0:none, 1:Oracle, 2:Oracle(new rule)",SYS
XA_COMPATIBLE_MODE,0,0,0,1,"XA compatible mode, 0:none, 1:Oracle",SYS
EXCLUDE_RESERVED_WORDS,NULL,NULL,NULL,NULL,The reserved words to be excluded,IN FILE
COUNT_64BIT,1,1,0,1,Whether to set data type for COUNT as BIGINT,SESSION
EXCLUDE_MS_DBO,0,0,0,1,Whether exclude MS SQLSERVER's dbo schema,IN FILE
CALC_AS_DECIMAL,0,0,0,3,"Whether integer CALC as decimal, 0: no, 1:only DIV, 2:all only has charactor, 3:all for digit",IN FILE
DEC_CALC_MODE,0,0,0,1,"Decimal calc compatible mode, 0: default, 1:DM6",IN FILE
CMP_AS_DECIMAL,0,0,0,2,"Whether integer compare as decimal, 0: no, 1:part, 2:all",IN FILE
CAST_VARCHAR_MODE,1,1,0,1,Whether to convert illegal string to special pseudo value when converting string to integer,SYS
PL_SQLCODE_COMPATIBLE,0,0,0,1,Whether to set SQLCODE in PL/SQL compatible with ORACLE as far as possible,IN FILE
EXCLUDE_PKG_NAME,0,0,0,1,"Whether ignore pkg prefix, 0: no, 1:yes",SESSION
CHAR_TO_BLOB_DIRECT,0,0,0,1,"Whether CHARACTOR can convert to BLOB directly, 0: no, 1:yes",SYS
BINARY_TO_LOB_FLAG,1,1,0,1,"Flag of the priority level of BINARY converted to BLOB is higher than CLOB, 0:No, 1:Yes",IN FILE
TIMESTAMP_WITH_PREC,0,0,0,1,"Whether TIMESTAMP show precision in some views ,0:No, 1:Yes",SYS
LEGACY_SEQUENCE,0,0,0,1,"Whether sequence in legacy mode, 0: no, 1:yes",SYS
DM6_TODATE_FMT,0,0,0,1,"To Date' HH fmt hour system, 0: 12(defalut) , 1: 24(DM6)",IN FILE
MILLISECOND_FMT,1,1,0,1,"To CHAR' msec fmt, 0: not with msec, 1: with msec",SYS
NLS_DATE_FORMAT,NULL,NULL,NULL,NULL,Date fmt string,IN FILE
NLS_TIME_FORMAT,NULL,NULL,NULL,NULL,Time fmt string,IN FILE
NLS_TIMESTAMP_FORMAT,NULL,NULL,NULL,NULL,Timestamp fmt string,IN FILE
NLS_TIME_TZ_FORMAT,NULL,NULL,NULL,NULL,Time_tz fmt string,IN FILE
NLS_TIMESTAMP_TZ_FORMAT,NULL,NULL,NULL,NULL,Timestamp_tz fmt string,IN FILE
EMPTY_STR_TO_NULL_LOB,1,1,0,1,Whether convert empty string as NULL BLOB/CLOB,SYS
PK_MAP_TO_DIS,0,0,0,1,Whether map pk cols to distributed cols automatically,SYS
MERGE_SRC_MULTI_ROWS_IGNORE,0,0,0,1,Whether ignore src_multi_rows in merge into stmt,SYS
SYS_INDEX_MATCH_IGNORE,0,0,0,1,Whether ignore sys index match check when creating,SYS
PROXY_PROTOCOL_MODE,0,0,0,1,"PROXY PROTOCOL mode, 0: close; 1: open",SYS
SPACE_COMPARE_MODE,0,0,0,1,"Whether to compare suffix space of strings, 0: default, 1: yes",IN FILE
DATETIME_FAST_RESTRICT,1,1,0,1,Wherther To DATE's datetime with time.default:1. 1: No. 0: Yes.,SYS
BASE64_LINE_FLAG,1,1,0,1,Whether base64 encode persection with line flag: CR and LF. default: 1. 1:YES. 2:NO.,SYS
MY_STRICT_TABLES,0,0,0,1,Whether to set STRICT_XXX_TABLES in MYSQL compatible mode. default: 0. 1:YES. 0:NO.,IN FILE
DROP_CASCADE_VIEW,0,0,0,1,Whether to drop cascade view while dropping table or view,SESSION
NUMBER_MODE,0,0,0,1,"NUMBER mode, 0:DM; 1:ORACLE",IN FILE
FINS_LOCK_MODE,1,1,0,2,FAST INSERT LOCK TABLE MODE 0: KEEP LOCK; 1: LOCK NOWAIT AND RELEASE LOCK 2: LOCK TIMEOUT AND RELEASE LOCK,IN FILE
DML_TTS_OPT,0,0,0,1,"Whether ENABLE tts optimization for DML, 0:disable 1:enable",SESSION
SVR_LOG_NAME,SLOG_ALL,NULL,NULL,NULL,Using which sql log sys in sqllog.ini,SYS
SQL_TRACE_MASK,1,NULL,NULL,NULL,A mask value that indicates what type of SQL requests need to be logged into SQLs record file,SYS
SVR_LOG_FILE_NUM,0,0,0,1024,number of files for logging sql requests,SYS
SVR_LOG,0,0,0,3,"Whether the Sql Log sys Is open or close. 1:open, 0:close, 2:use switch and detail mode. 3:use not switch and simple mode.",SYS
SVR_LOG_SWITCH_COUNT,100000,100000,1000,10000000,maximum number of SQLs logged in a file,SYS
SVR_LOG_ASYNC_FLUSH,0,0,0,1,Whether to enable asynchronous refresh method when logging SQLs into SQLs record file,SYS
SVR_LOG_MIN_EXEC_TIME,0,0,0,4294967294,minimum execute time(ms) of SQLs logged,SYS
SVR_LOG_FILE_PATH,../log,NULL,NULL,NULL,File Path for SQLs Log,SYS
GDB_THREAD_INFO,0,0,0,1,Generate gdb thread info while dm_sys_halt. 1: yes; 0: no,IN FILE
TRACE_PATH,/opt/dmdbms/data/DAMENG/trace,NULL,NULL,NULL,System trace path name,READ ONLY
SVR_OUTPUT,0,0,0,1,Whether print at background,SYS
SVR_ELOG_FREQ,0,0,0,2,How to swith svr elog file. 0: by month. 1: by day. 2: by hour.,SYS
ENABLE_OSLOG,0,0,0,1,Whether to enable os log,IN FILE
LOG_IN_SHOW_DEBUG,2147483647,2147483647,0,2147483647,Whether record log info,SYS
ENABLE_ECS,0,0,0,1,Whether to enable elastic calc system,IN FILE
ECS_HB_INTERVAL,60,60,0,4294967294,HB interval for elastic calc system,IN FILE
EP_GROUP_NAME,DMGROUP,NULL,NULL,NULL,Server group name as worker,IN FILE
AP_GROUP_NAME,DMGROUP,NULL,NULL,NULL,Server group name as cooperative worker,IN FILE
DCRS_IP,LOCALHOST,NULL,NULL,NULL,IP on which the dcrs server will listen,IN FILE
DCRS_PORT_NUM,6236,6236,0,65534,Port number on which the dcrs server will listen,IN FILE
AP_IP,LOCALHOST,NULL,NULL,NULL,The ap server IP for dcrs,IN FILE
AP_PORT_NUM,0,0,0,65534,Port number on which the ap server will listen,IN FILE
AP_PARALLEL_DEGREE,10,10,0,10000,Maximum degree of parallel for ap,IN FILE
ENABLE_ECS_MSG_CHECK,0,0,0,1,Whether to enable elastic check msg accumulate,IN FILE
ENABLE_MONITOR,1,1,0,1,Whether to enable monitor,SYS
MONITOR_TIME,1,1,0,1,Whether to enable monitor timing,SYS
MONITOR_SYNC_EVENT,1,0,0,1,Whether to enable monitor sync event,SYS
MONITOR_SQL_EXEC,0,0,0,2,Whether to enable monitor sql execute,SESSION
ENABLE_FREQROOTS,0,0,0,3,Whether to collect pages that used frequently,IN FILE
MAX_FREQ_ROOTS,200000,200000,0,10000000,Maximum number of frequently used pages that will be collected,IN FILE
MIN_FREQ_CNT,100000,100000,1,10000000,Minimum access counts of page that will be collected as frequently used pages,IN FILE
LARGE_MEM_THRESHOLD,10000,10000,0,10000000,Large mem used threshold by k,SYS
ENABLE_MONITOR_DMSQL,1,1,0,1,Flag of performance monitoring:sql or method exec time,SESSION
ENABLE_TIMER_TRIG_LOG,0,0,0,1,Whether to enable timer trigger log,SYS
IO_TIMEOUT,300,300,0,3600,Maximum time in seconds that read from disk or write to disk,SYS
ENABLE_MONITOR_BP,1,1,0,1,Whether to enable monitor bind param. 1: TRUE. 0:FALSE. default:1,SYS
LONG_EXEC_SQLS_CNT,1000,1000,1000,1000000,Max row count of V$LONG_EXEC_SQLS,SYS
SYSTEM_LONG_EXEC_SQLS_CNT,20,20,10,1000,Max row count of V$SYSTEM_LONG_EXEC_SQLS,SYS
SQL_HISTORY_CNT,10000,10000,1000,1000000,Max row count of V$SQL_HISTORY,SYS
DW_MAX_SVR_WAIT_TIME,0,0,0,65534,Maximum time in seconds that server will wait for DMWATCHER to startup,SYS
DW_ERROR_TIME,60,60,0,1800,Time in seconds that used to determine whether DMWATCHER exist,SYS
DW_INACTIVE_INTERVAL,60,60,0,1800,Time in seconds that used to determine whether DMWATCHER exist,SYS
DW_PORT,0,0,1024,65534,Instance tcp port for watch2,READ ONLY
ALTER_MODE_STATUS,1,1,0,1,"Whether to permit database user to alter database mode and status by SQLs, 1: yes, 0: no",SYS
ENABLE_OFFLINE_TS,1,1,0,2,Whether tablespace can be offline,SYS
SESS_FREE_IN_SUSPEND,60,60,0,1800,Time in seconds for releasing all sessions in suspend mode after archive failed,SYS
SUSPEND_WORKER_TIMEOUT,600,600,60,3600,Suspend worker thread timeout in seconds,SYS
SUSPENDING_FORBIDDEN,0,0,0,1,Suspending worker thread is forbidden,READ ONLY
DW_CONSISTENCY_CHECK,0,0,0,1,"Whether to check consistency for standby database, 1: yes, 0: no",SYS
TABLE_SWITCH,0,0,0,134,"Table switch.0:self, 1: vertical, 2:huge, 3:global tmp, 4:list, 5:using long row, 6: column manual",SYS
ADVANCE_LOG_FLAG,0,0,0,1,"Advance Log.0:self, 1: open",SYS
CTI_HASH_SIZE,100000,100000,1000,10000000,the hash table size for context index query,SESSION
CTI_HASH_BUF_SIZE,50,50,1,4000,the hash table cache size in Megabytes for context index query,SESSION
USE_FORALL_ATTR,0,0,0,1,Whether to use cursor attributes of FORALL statements,SESSION
ALTER_TABLE_OPT,0,0,0,3,"Whether to optimize ALTER TABLE operation(add, modify or drop column)",SESSION
USE_RDMA,0,0,0,1,Whether to use rdma,READ ONLY
MAIL_INI,0,0,0,1,dmmal.ini,IN FILE
MAL_INI,0,0,0,1,dmmal.ini,IN FILE
ARCH_INI,0,0,0,1,dmarch.ini,SYS
REP_INI,0,0,0,1,dmrep.ini,IN FILE
LLOG_INI,0,0,0,1,llog.ini,IN FILE
TIMER_INI,0,0,0,1,timer.ini,IN FILE
MPP_INI,0,0,0,1,dmmpp.ini,IN FILE
MPP_FILE_INI,0,0,0,1,dmmpp.ini,READ ONLY
DFS_INI,0,0,0,1,dmdfs.ini,IN FILE
GLOBAL_EXTENT_N,256,0,0,4294967294,global_extent_n,READ ONLY
GLOBAL_PAGE_N,4096,0,0,4294967294,tglobal_page_n,READ ONLY
GLOBAL_INODE_N,226,0,0,4294967294,global_inode_n,READ ONLY
GLOBAL_PAGE_TAIL_POS,16376,0,0,4294967294,global_page_tail_pos,READ ONLY
GLOBAL_PAGE_SIZE_MASK,4294950912,0,0,4294967294,global_page_size_mask,READ ONLY
GLOBAL_STR_CASE_SENSITIVE,1,0,0,4294967294,global_str_case_sensitive,READ ONLY
GLOBAL_PRIV_FLAG,0,0,0,1,global_priv_flag,READ ONLY
GLOBAL_PAGE_SIZE,16384,0,0,4294967294,global_page_size,READ ONLY
EXTERNAL_CIPHER_ID,0,0,0,4294967294,external_cipher_id,READ ONLY
EXTERNAL_HASH_ID,0,0,0,4294967294,external_hash_id,READ ONLY
EXTERNAL_CRYPTO_NAME,NULL,NULL,NULL,NULL,external_crypto_name,READ ONLY
USBKEY_FLAG,0,0,0,1,global_usbkey_flag,READ ONLY
PAGE_ENC_SLICE_SIZE,4096,0,0,4096,page_enc_slice_size,READ ONLY
DB_BLOCK_ENC_ID,2049,2049,0,4294967294,db_block_enc_id,READ ONLY
BLANK_PAD_MODE,0,0,0,1,blank_pad_mode,READ ONLY
GLOBAL_CHARSET,0,0,0,2,global_charset,READ ONLY
GLOBAL_BACKSLASH_ESCAPE,0,0,0,4294967294,global_backslash_escape,READ ONLY
GLOBAL_LOG_PAGE_SIZE,512,0,0,4294967294,global_log_page_size,READ ONLY
GLOBAL_SVR_NO_CONSOLE,1,0,0,4294967294,global_svr_no_console,READ ONLY
GLOBAL_EXTENT_SIZE,16,0,0,4294967294,global_extent_size,READ ONLY
GLOBAL_CPU_N,80,0,0,4294967294,global_cpu_n,READ ONLY
CHAR_FIX_STORAGE,0,0,0,1,char_fix_storage,READ ONLY
SQL_LOG_FORBID,0,0,0,1,sql_log_forbid,READ ONLY
SECUR_FLAG,2,0,0,2,secur_flag,READ ONLY
PAGE_CHECK_ID,0,0,0,4294967294,page_check_id,READ ONLY
DB_ENC_EXTEND_SIZE,0,0,0,256,db_enc_extend_size,READ ONLY
PAGE_CHECK_HASH_SIZE,0,0,0,64,page_check_hash_size,READ ONLY
PAGE_TAIL_SIZE,8,8,0,4294967294,page_tail_size,READ ONLY
ENABLE_FAST_UPDATE,0,0,0,1,ENABLE_FAST_UPDATE,READ ONLY
FUPD_COL_LIMIT,32,32,1,10000,FUPD_COL_LIMIT,READ ONLY
TIME_ZONE,480,0,-780,780,TIME_ZONE,READ ONLY
LENGTH_IN_CHAR,0,0,0,1,"Column max length in CHAR or BYTE, 0: in BYTE, 1: in CHAR",READ ONLY
USE_NEW_HASH,1,1,0,1,"whether use new hash algorithm, 0: no, 1: yes",READ ONLY
IDLE_MEM_THRESHOLD,50,50,10,6000,Available Memory Warning Threshold Value,SYS
IDLE_DISK_THRESHOLD,1000,1000,50,50000,Available Space  Warning Threshold Value,SYS
IDLE_SESS_THRESHOLD,5,5,1,10,Available Session Warning Threshold Value,SYS
ENABLE_PRISVC,0,0,0,1,Whether to enable priority service,IN FILE
DSC_SEQNO,0,0,0,15,Node Number Of Dameng Share Cluster,READ ONLY
DSC_NODE,1,1,2,16,dsc_node,READ ONLY
DSC_MASTER_FLAG,1,0,0,1,dsc_master_flag,READ ONLY
RAC_N_CTLS,10000,10000,4096,4294967294,Number of LBS/GBS ctls,IN FILE
DSC_N_CTLS,10000,10000,4096,4294967294,Number of LBS/GBS ctls,IN FILE
RAC_N_POOLS,2,2,2,1024,Number of LBS/GBS pools,IN FILE
DSC_N_POOLS,2,2,2,1024,Number of LBS/GBS pools,IN FILE
DSC_N_OK_EP,1,1,0,16,Number of ok EP,IN FILE
RAC_USE_SBT,1,1,0,1,Use size balanced tree,IN FILE
DSC_USE_SBT,1,1,0,1,Use size balanced tree,IN FILE
DCR_PATH,NULL,NULL,NULL,NULL,Path of dcr disk,IN FILE
RAC_TRX_CMT_LSN_SYNC,3,3,0,3600,Whether to adjust lsn when trx commit,SYS
DSC_TRX_CMT_LSN_SYNC,3,3,0,3600,Whether to adjust lsn when trx commit,SYS
RAC_ENABLE_MONITOR,1,1,0,1,Whether to monitor request time,SYS
DSC_ENABLE_MONITOR,1,1,0,1,Whether to monitor request time,SYS
RAC_GBS_REVOKE_OPT,1,1,0,1,Whether to optimize GBS revoke,IN FILE
DSC_GBS_REVOKE_OPT,1,1,0,1,Whether to optimize GBS revoke,IN FILE
DSC_HALT_SYNC,0,0,0,10,Whether to halt other ep when resid_slot_wait overtime,IN FILE
DSC_TRX_VIEW_SYNC,0,0,0,1,Whether to wait response after broadcast trx view to other ep,IN FILE
MASTER_STARTUP_STATUS,1,1,0,4294967294,Startup status of Control Node,IN FILE
DSC_REMOTE_READ_MODE,1,1,0,2,PAGE remote read optimize mode,READ ONLY
DSC_FILE_INIT_ASYNC,1,1,0,1,DSC file init async flag,READ ONLY
DSC_TRX_CMT_OPT,0,0,0,1,Whether to wait rlog file flush when trx commit in DSC,READ ONLY
DSC_RESERVE_PERCENT,0.080000,1202590843,0,10,Start ctl reserve percent,SYS
HA_OTHER_INST_IP,NULL,NULL,NULL,NULL,HA instance check IP,READ ONLY
HA_OTHER_INST_PORT,65534,65534,1024,65534,HA instance check port,READ ONLY
HA_INST_CHECK_IP,NULL,NULL,NULL,NULL,HA instance check IP,READ ONLY
HA_INST_CHECK_PORT,65534,65534,1024,65534,HA instance check port,READ ONLY
PWR_FLUSH_PAGES,1000,1000,0,4294967294,Make special PWR rrec when n pages flushed,SYS
SYSDBA_PWD_LOCKED,0,0,0,1,SYSDBA password locked,READ ONLY
REDO_UNTIL_LSN,NULL,NULL,NULL,NULL,redo until lsn,READ ONLY
IGNORE_FILE_SYS_CHECK,1,1,0,1,ignore file sys check while startup,IN FILE
FILE_SCAN_PERCENT,100.000000,0,0,100,percent of data scanned when calculating file used space,SYS
STARTUP_CHECKPOINT,0,0,0,1,checkpoint immediately when startup after redo,IN FILE
DMKEY_POLICY,0,0,0,4294967294,dmkey_policy,SYS
CHECK_SVR_VERSION,1,1,0,1,Whether to check server version,READ ONLY
ID_RECYCLE_FLAG,0,0,0,1,Enable ID recycle,READ ONLY
BAK_USE_AP,1,1,1,2,"backup use assistant plus-in, 0:use sub process; 1:use AP; 2:not use AP. default 1.",SYS
ENABLE_VERTICAL_TABLE,0,0,0,1,enable vertical table,SYS
ENABLE_DBLINK_TO_INV,0,0,0,1,Whether to convert correlated subquery which has dblink to temporary function,SESSION
ENABLE_BLOB_CMP_FLAG,0,0,0,1,Whether BLOB/TEXT types are allowed to be compared,SESSION
ENABLE_CREATE_BM_INDEX_FLAG,1,1,0,1,Allow bitmap index to be created,IN FILE
CVIEW_STAR_WITH_PREFIX,1,1,0,1,Whether append prefix for star item when create view,SESSION
ENABLE_ADJUST_NLI_COST,1,1,0,1,Whether adjust cost of nest loop inner join,SESSION
ENABLE_SEQ_REUSE,0,0,0,1,Whether allow reuse sequence expressions,SESSION
